País	Produto	2006	2007	2008	2009	2010	2011	2012	2013	2014	2015	2016	2017	2018	2019	2020	2021
Alemanha	Espumantes	153,00	3.547,00	5.423,00	6.648,00	1.958,00	1.976,00	833,00	5.809,00	9.236,00	6.256,00	4.293,00	4.824,00	4.092,00	1.003,00	2.388,00	142,00
Angola	Espumantes	3.314,00	6.293,00	2.244,00	11.393,00	104.138,00	904,00	73,00	5.850,00	6.866,00	0,00	90,00	0,00	63,00	1.007,00	24,00	0,00
Antigua e Barbuda	Espumantes	0,00	0,00	0,00	0,00	0,00	0,00	0,00	0,00	0,00	0,00	0,00	0,00	0,00	7,00	32,00	10,00
Antilhas Holandesas	Espumantes	0,00	0,00	0,00	180,00	0,00	9.144,00	0,00	0,00	0,00	0,00	0,00	0,00	0,00	0,00	0,00	0,00
Argentina	Espumantes	0,00	0,00	0,00	0,00	0,00	0,00	0,00	0,00	0,00	0,00	0,00	0,00	4.342,00	0,00	315,00	0,00
Aruba	Espumantes	0,00	0,00	0,00	0,00	0,00	0,00	0,00	0,00	0,00	0,00	0,00	0,00	18,00	0,00	0,00	0,00
Australia	Espumantes	0,00	0,00	0,00	0,00	0,00	0,00	1.317,00	767,00	618,00	235,00	594,00	595,00	0,00	180,00	144,00	184,00
Bahamas	Espumantes	0,00	0,00	0,00	0,00	146,00	1.001,00	216,00	270,00	0,00	0,00	0,00	0,00	5,00	18,00	434,00	179,00
Bangladesh	Espumantes	0,00	0,00	0,00	0,00	0,00	0,00	0,00	0,00	0,00	0,00	0,00	0,00	0,00	0,00	0,00	1,00
Barbados	Espumantes	0,00	0,00	0,00	0,00	0,00	0,00	0,00	0,00	0,00	0,00	0,00	0,00	0,00	0,00	57,00	4,00
Belgica	Espumantes	3.375,00	540,00	112,00	0,00	12.897,00	0,00	7.404,00	1.100,00	104.153,00	900,00	0,00	450,00	1.800,00	1.869,00	0,00	0,00
Benin	Espumantes	0,00	0,00	0,00	0,00	0,00	0,00	0,00	0,00	0,00	0,00	0,00	0,00	0,00	0,00	24,00	0,00
Bolívia	Espumantes	1.989,00	1.537,00	587,00	0,00	11.960,00	0,00	0,00	0,00	9,00	2.418,00	2.624,00	1.668,00	5.891,00	0,00	5.994,00	21.235,00
Bósnia-Herzegovina	Espumantes	0,00	0,00	0,00	0,00	0,00	0,00	0,00	0,00	0,00	0,00	0,00	0,00	0,00	10,00	168,00	0,00
Bulgaria	Espumantes	0,00	0,00	0,00	0,00	0,00	0,00	0,00	0,00	0,00	0,00	0,00	0,00	0,00	0,00	0,00	0,00
Cabo Verde	Espumantes	0,00	0,00	0,00	0,00	0,00	0,00	0,00	0,00	0,00	0,00	0,00	0,00	0,00	0,00	0,00	2,00
Camarões	Espumantes	0,00	0,00	0,00	0,00	0,00	0,00	0,00	0,00	0,00	0,00	0,00	4.138,00	90,00	0,00	0,00	0,00
Canada	Espumantes	225,00	1.350,00	0,00	0,00	0,00	1.894,00	640,00	10.371,00	1.847,00	2.405,00	901,00	0,00	23,00	2.185,00	413,00	253,00
Catar	Espumantes	0,00	0,00	0,00	0,00	0,00	0,00	0,00	0,00	0,00	0,00	0,00	0,00	0,00	41,00	78,00	5,00
Cayman, Ilhas	Espumantes	0,00	0,00	0,00	0,00	0,00	0,00	0,00	0,00	0,00	0,00	0,00	0,00	0,00	15,00	0,00	1,00
Chile	Espumantes	115.900,00	855,00	0,00	1.673,00	0,00	0,00	811,00	0,00	0,00	0,00	10.340,00	25.439,00	25.481,00	0,00	90,00	72,00
China	Espumantes	0,00	75,00	0,00	0,00	416,00	1.682,00	3.219,00	795,00	5.959,00	23.520,00	4.610,00	11.646,00	19.490,00	26.247,00	29.921,00	13.692,00
Chipre	Espumantes	0,00	0,00	0,00	0,00	0,00	0,00	0,00	0,00	0,00	0,00	0,00	0,00	0,00	101,00	307,00	122,00
Cingapura	Espumantes	0,00	0,00	378,00	976,00	247,00	0,00	0,00	0,00	113,00	0,00	0,00	0,00	47.214,00	28.418,00	0,00	0,00
Colombia	Espumantes	0,00	0,00	0,00	0,00	0,00	90,00	0,00	22,00	0,00	0,00	617,00	595,00	2.309,00	804,00	24.578,00	10.280,00
Coreia do Sul, Republica da	Espumantes	0,00	0,00	842,00	0,00	0,00	0,00	0,00	0,00	4.950,00	0,00	212,00	442,00	3,00	32,00	24,00	82,00
Costa Rica	Espumantes	0,00	0,00	0,00	0,00	12,00	0,00	34,00	0,00	0,00	0,00	0,00	0,00	0,00	0,00	0,00	0,00
Cuba	Espumantes	0,00	0,00	0,00	0,00	0,00	0,00	0,00	0,00	0,00	0,00	0,00	0,00	1,00	0,00	0,00	0,00
Curaçao	Espumantes	0,00	0,00	0,00	0,00	0,00	0,00	0,00	0,00	0,00	0,00	0,00	991,00	801,00	3.373,00	2.186,00	5.525,00
Dinamarca	Espumantes	6,00	197,00	0,00	0,00	0,00	864,00	1.296,00	3.164,00	1.296,00	726,00	68,00	0,00	662,00	96,00	452,00	7,00
Dominica	Espumantes	0,00	0,00	0,00	0,00	0,00	0,00	0,00	0,00	0,00	0,00	0,00	0,00	0,00	0,00	0,00	204,00
El Salvador	Espumantes	0,00	0,00	0,00	0,00	0,00	20,00	0,00	0,00	0,00	0,00	0,00	0,00	1,00	0,00	0,00	0,00
Emirados Arabes Unidos	Espumantes	0,00	0,00	0,00	0,00	198,00	190,00	0,00	0,00	0,00	0,00	0,00	0,00	0,00	33,00	9,00	90,00
Equador	Espumantes	0,00	0,00	0,00	0,00	0,00	0,00	0,00	0,00	0,00	0,00	0,00	0,00	0,00	2,00	0,00	0,00
Espanha	Espumantes	0,00	0,00	995,00	0,00	0,00	720,00	0,00	3.375,00	0,00	0,00	0,00	5.013,00	2.271,00	2,00	29,00	0,00
Estados Unidos	Espumantes	19.131,00	21.400,00	283.760,00	35.695,00	123.001,00	67.547,00	126.129,00	91.987,00	39.748,00	18.450,00	22.615,00	22.605,00	28.542,00	389.511,00	634.243,00	801.082,00
Estonia	Espumantes	0,00	0,00	0,00	0,00	495,00	0,00	369,00	0,00	0,00	0,00	0,00	0,00	0,00	0,00	0,00	0,00
Filipinas	Espumantes	0,00	0,00	0,00	0,00	0,00	0,00	0,00	0,00	0,00	0,00	0,00	0,00	0,00	24,00	0,00	0,00
Filânldia	Espumantes	0,00	0,00	0,00	0,00	0,00	1.287,00	378,00	693,00	0,00	0,00	7.522,00	0,00	0,00	0,00	1.078,00	0,00
França	Espumantes	0,00	1.974,00	5.922,00	0,00	990,00	1.481,00	945,00	5.400,00	7.808,00	16.246,00	0,00	0,00	2.163,00	3.123,00	7.481,00	1.015,00
Gana	Espumantes	0,00	0,00	0,00	0,00	0,00	0,00	0,00	0,00	0,00	0,00	0,00	0,00	0,00	810,00	0,00	654,00
Gibraltar	Espumantes	0,00	0,00	0,00	0,00	0,00	0,00	0,00	0,00	0,00	0,00	0,00	0,00	0,00	43,00	0,00	0,00
Grêcia	Espumantes	0,00	0,00	0,00	0,00	0,00	0,00	0,00	0,00	0,00	0,00	0,00	0,00	63,00	74,00	97,00	147,00
Guatemala	Espumantes	0,00	0,00	0,00	0,00	4,00	0,00	0,00	0,00	0,00	0,00	0,00	0,00	206,00	446,00	760,00	0,00
Guiana	Espumantes	0,00	0,00	0,00	0,00	0,00	0,00	0,00	14,00	1,00	22,00	0,00	4,00	0,00	0,00	0,00	0,00
Guiné Equatorial	Espumantes	0,00	0,00	2,00	0,00	0,00	0,00	0,00	0,00	0,00	0,00	7.738,00	0,00	0,00	0,00	0,00	0,00
Guiné-Bissau	Espumantes	0,00	0,00	0,00	0,00	0,00	0,00	0,00	0,00	0,00	0,00	0,00	0,00	0,00	0,00	0,00	0,00
Haiti	Espumantes	0,00	0,00	0,00	0,00	0,00	0,00	0,00	48,00	0,00	0,00	0,00	0,00	0,00	0,00	1.331,00	4.978,00
Honduras	Espumantes	0,00	0,00	54,00	0,00	0,00	55,00	0,00	0,00	0,00	0,00	0,00	0,00	0,00	0,00	0,00	0,00
Hong Kong	Espumantes	0,00	0,00	810,00	120,00	0,00	424,00	320,00	586,00	7.556,00	414,00	225,00	450,00	225,00	2.801,00	4.124,00	3.669,00
Hungria	Espumantes	0,00	0,00	0,00	0,00	0,00	0,00	0,00	0,00	0,00	0,00	0,00	0,00	0,00	0,00	0,00	96,00
Índia	Espumantes	0,00	0,00	0,00	0,00	0,00	0,00	0,00	0,00	0,00	0,00	0,00	0,00	0,00	18,00	25,00	0,00
Iraque	Espumantes	0,00	0,00	0,00	0,00	0,00	0,00	0,00	0,00	0,00	0,00	0,00	0,00	0,00	0,00	0,00	0,00
Irlanda	Espumantes	0,00	0,00	0,00	0,00	360,00	1.335,00	450,00	1.373,00	0,00	0,00	0,00	0,00	0,00	14,00	0,00	0,00
Islândia	Espumantes	0,00	0,00	0,00	0,00	0,00	0,00	0,00	0,00	0,00	0,00	0,00	0,00	0,00	0,00	10,00	0,00
Italia	Espumantes	0,00	0,00	0,00	2.369,00	99,00	1.602,00	90,00	315,00	180,00	0,00	135,00	1.467,00	1.307,00	522,00	150,00	172,00
Japão	Espumantes	378,00	1.395,00	964,00	2.900,00	4.737,00	632,00	1.197,00	17.009,00	22.290,00	1.826,00	3.658,00	48.604,00	7.853,00	10.242,00	7.294,00	6.811,00
Jordânia	Espumantes	0,00	0,00	0,00	0,00	0,00	0,00	0,00	0,00	0,00	0,00	0,00	0,00	0,00	0,00	30,00	0,00
Letonia	Espumantes	0,00	0,00	0,00	0,00	0,00	0,00	0,00	0,00	0,00	0,00	0,00	158,00	0,00	0,00	0,00	0,00
Líbano	Espumantes	0,00	0,00	0,00	0,00	0,00	0,00	0,00	0,00	0,00	0,00	0,00	0,00	0,00	29,00	0,00	540,00
Libéria	Espumantes	0,00	0,00	0,00	0,00	0,00	0,00	0,00	0,00	0,00	0,00	0,00	0,00	300,00	1.207,00	1.105,00	795,00
Luxemburgo	Espumantes	590,00	300,00	1.683,00	993,00	846,00	471,00	0,00	765,00	1.080,00	0,00	45,00	360,00	113,00	495,00	0,00	0,00
Maldivas	Espumantes	0,00	0,00	0,00	0,00	0,00	0,00	0,00	0,00	0,00	0,00	0,00	0,00	0,00	0,00	0,00	3.023,00
Malta	Espumantes	0,00	0,00	0,00	0,00	0,00	0,00	0,00	0,00	0,00	0,00	0,00	0,00	0,00	359,00	1.692,00	364,00
Marshall, Ilhas	Espumantes	0,00	0,00	0,00	0,00	0,00	0,00	0,00	0,00	0,00	0,00	0,00	0,00	158,00	1.594,00	2.093,00	1.057,00
Montenegro	Espumantes	0,00	0,00	0,00	0,00	0,00	0,00	0,00	0,00	0,00	0,00	0,00	0,00	0,00	0,00	0,00	9,00
Mexico	Espumantes	0,00	0,00	0,00	0,00	95.328,00	0,00	0,00	0,00	0,00	0,00	0,00	0,00	737,00	0,00	0,00	0,00
Nicarágua	Espumantes	0,00	0,00	0,00	0,00	20,00	39,00	0,00	0,00	0,00	0,00	0,00	0,00	0,00	0,00	0,00	0,00
Nigéria	Espumantes	0,00	0,00	0,00	0,00	0,00	108,00	388,00	0,00	0,00	0,00	68,00	0,00	976,00	1.809,00	4.613,00	0,00
Noruega	Espumantes	0,00	0,00	0,00	0,00	0,00	3.693,00	1.534,00	567,00	24.616,00	3.192,00	0,00	0,00	81,00	345,00	172,00	37,00
Nova Zelandia	Espumantes	0,00	0,00	0,00	0,00	0,00	291,00	150,00	150,00	150,00	233,00	0,00	196,00	15,00	0,00	0,00	0,00
Paises Baixos (Holanda)	Espumantes	49,00	199,00	0,00	2.250,00	2.896,00	5.948,00	3.854,00	1.822,00	8.280,00	1.665,00	0,00	0,00	0,00	432,00	38,00	86,00
Panama	Espumantes	0,00	0,00	0,00	0,00	27,00	0,00	0,00	0,00	0,00	0,00	0,00	0,00	319,00	2.929,00	7.163,00	1.639,00
Paraguai	Espumantes	12.153,00	3.455,00	4.637,00	20.099,00	6.728,00	2.513,00	3.568,00	23.603,00	28.038,00	29.016,00	40.197,00	80.951,00	92.114,00	94.620,00	16.231,00	45.629,00
Peru	Espumantes	0,00	0,00	0,00	0,00	0,00	0,00	0,00	0,00	0,00	0,00	0,00	0,00	1.577,00	596,00	0,00	0,00
Polonia	Espumantes	0,00	0,00	2.682,00	1.545,00	90,00	0,00	0,00	0,00	206,00	225,00	0,00	0,00	23.099,00	18.810,00	14,00	0,00
Porto Rico	Espumantes	0,00	0,00	0,00	0,00	0,00	0,00	0,00	0,00	0,00	45,00	0,00	0,00	100,00	0,00	0,00	0,00
Portugal	Espumantes	0,00	0,00	0,00	0,00	5.387,00	0,00	0,00	0,00	0,00	0,00	0,00	756,00	1.552,00	1.288,00	631,00	21,00
Quenia	Espumantes	0,00	0,00	0,00	0,00	0,00	0,00	80,00	1,00	0,00	0,00	0,00	100,00	0,00	0,00	0,00	0,00
Reino Unido	Espumantes	1.080,00	3.166,00	20.880,00	0,00	13.501,00	1.980,00	11.896,00	13.900,00	131.483,00	16.511,00	56.615,00	27.700,00	14.626,00	11.049,00	8.084,00	7.130,00
Republica Dominicana	Espumantes	0,00	23,00	0,00	0,00	0,00	0,00	0,00	0,00	0,00	0,00	0,00	0,00	0,00	0,00	0,00	0,00
Republica Tcheca	Espumantes	802,00	1.820,00	493,00	395,00	0,00	526,00	0,00	158,00	7,00	23,00	94,00	207,00	0,00	0,00	0,00	0,00
Russia	Espumantes	0,00	0,00	0,00	0,00	0,00	0,00	0,00	0,00	0,00	0,00	0,00	0,00	47.765,00	71.654,00	0,00	0,00
Serra Leoa	Espumantes	0,00	0,00	0,00	0,00	0,00	0,00	0,00	0,00	0,00	0,00	0,00	0,00	0,00	0,00	450,00	225,00
Singapura	Espumantes	0,00	0,00	0,00	0,00	0,00	0,00	0,00	0,00	0,00	0,00	0,00	0,00	0,00	0,00	979,00	525,00
Suecia	Espumantes	0,00	176,00	5.922,00	2.070,00	0,00	0,00	0,00	450,00	98,00	292,00	140,00	298,00	54,00	0,00	0,00	0,00
Suiça	Espumantes	270,00	0,00	16.830,00	0,00	0,00	3.465,00	3.780,00	1.620,00	10.936,00	1.080,00	270,00	1.890,00	0,00	2.704,00	672,00	1.074,00
Suriname	Espumantes	0,00	0,00	0,00	0,00	0,00	0,00	0,00	0,00	31,00	8,00	0,00	0,00	0,00	2,00	0,00	880,00
Tailandia	Espumantes	0,00	0,00	0,00	0,00	0,00	0,00	0,00	0,00	0,00	0,00	0,00	0,00	0,00	8,00	16,00	22,00
Taiwan (Formosa)	Espumantes	0,00	0,00	0,00	0,00	0,00	0,00	0,00	0,00	0,00	0,00	2.706,00	1.507,00	0,00	5,00	995,00	1.255,00
Trinidade e Tobago	Espumantes	3,00	0,00	0,00	0,00	18,00	0,00	383,00	0,00	315,00	0,00	0,00	0,00	0,00	0,00	0,00	0,00
Turquia	Espumantes	0,00	0,00	0,00	0,00	0,00	0,00	0,00	0,00	0,00	0,00	0,00	0,00	0,00	6,00	18,00	74,00
Uruguai	Espumantes	1.075,00	0,00	0,00	0,00	472,00	0,00	0,00	22.717,00	34.463,00	19.574,00	7.656,00	13.237,00	9.265,00	2.808,00	1.796,00	0,00
Vanuatu	Espumantes	0,00	0,00	0,00	0,00	0,00	0,00	0,00	0,00	0,00	0,00	0,00	0,00	0,00	0,00	14,00	0,00
Venezuela	Espumantes	0,00	0,00	0,00	0,00	0,00	0,00	1.470,00	0,00	2,00	0,00	16,00	455,00	5,00	450,00	0,00	0,00
Vietnã	Espumantes	0,00	0,00	0,00	675,00	189,00	0,00	0,00	0,00	0,00	0,00	0,00	0,00	0,00	0,00	0,00	144,00
Outros(1)	Espumantes	0,00	3.082,00	0,00	0,00	0,00	0,00	0,00	0,00	0,00	0,00	0,00	0,00	0,00	0,00	0,00	0,00
África do Sul		0,00	0,00	0,00	0,00	0,00	0,00	3.739,00	0,00	0,00	0,00	0,00	0,00	0,00	0,00	0,00	0,00
Alemanha, República Democrática da	Suco	0,00	0,00	0,00	0,00	0,00	0,00	1,00	4,00	38.480,00	6,00	0,00	0,00	96,00	12,00	86,00	13,00
Angola	Suco	7.362,00	43.395,00	63.263,00	237.494,00	6.413,00	0,00	0,00	5.001,00	1.200,00	1.378,00	5.961,00	160,00	1.895,00	0,00	17.766,00	6.073,00
Antígua e Barbuda	Suco	0,00	0,00	0,00	0,00	0,00	0,00	0,00	0,00	0,00	0,00	0,00	0,00	48,00	95,00	36,00	120,00
Antilhas Holandesas	Suco	0,00	0,00	474,00	0,00	0,00	0,00	0,00	0,00	0,00	0,00	0,00	0,00	0,00	0,00	0,00	0,00
Arábia Saudita	Suco	73.140,00	292.560,00	48.760,00	48.760,00	0,00	0,00	0,00	0,00	0,00	0,00	0,00	0,00	0,00	0,00	0,00	0,00
Argélia	Suco	0,00	0,00	0,00	0,00	0,00	0,00	0,00	0,00	0,00	0,00	0,00	0,00	16,00	0,00	0,00	0,00
Argentina	Suco	0,00	1.920,00	1.815,00	1.260,00	840,00	14.235,00	2.505,00	0,00	250,00	800,00	1.270,00	780,00	795,00	3.504,00	5.140,00	7.325,00
Aruba	Suco	0,00	0,00	0,00	5.008,00	1.878,00	0,00	0,00	0,00	0,00	0,00	0,00	0,00	0,00	0,00	450,00	0,00
Austrália	Suco	0,00	0,00	0,00	0,00	0,00	0,00	0,00	0,00	0,00	271,00	799,00	800,00	580,00	480,00	1.638,00	43.971,00
Áustria	Suco	0,00	0,00	0,00	0,00	0,00	0,00	0,00	0,00	0,00	0,00	0,00	0,00	0,00	0,00	0,00	0,00
Bahamas	Suco	0,00	0,00	0,00	0,00	0,00	0,00	0,00	0,00	0,00	0,00	0,00	0,00	12,00	168,00	34,00	542,00
Barbados	Suco	0,00	0,00	1.703,00	2.806,00	0,00	0,00	0,00	0,00	0,00	0,00	0,00	0,00	0,00	0,00	0,00	75,00
Bélgica	Suco	0,00	0,00	0,00	0,00	0,00	0,00	0,00	0,00	0,00	0,00	0,00	0,00	27,00	24,00	117,00	0,00
Benin	Suco	0,00	0,00	0,00	0,00	0,00	0,00	0,00	0,00	0,00	438,00	0,00	0,00	0,00	0,00	0,00	0,00
Bermudas	Suco	0,00	0,00	0,00	0,00	0,00	0,00	0,00	0,00	0,00	0,00	0,00	0,00	0,00	0,00	24,00	0,00
Birmânia	Suco	0,00	0,00	0,00	0,00	8,00	0,00	0,00	0,00	0,00	0,00	0,00	0,00	0,00	0,00	0,00	0,00
Bolívia	Suco	0,00	0,00	2.060,00	0,00	539,00	3.375,00	4.468,00	3.003,00	3.414,00	9.867,00	7.755,00	11.797,00	612,00	0,00	21.435,00	15.700,00
Cabo Verde	Suco	290,00	0,00	480,00	0,00	0,00	0,00	0,00	0,00	0,00	0,00	0,00	180,00	180,00	126,00	270,00	0,00
Camarões	Suco	0,00	0,00	0,00	0,00	0,00	0,00	0,00	0,00	0,00	0,00	0,00	1.159,00	0,00	0,00	20,00	0,00
Canadá	Suco	315.759,00	129.850,00	0,00	0,00	0,00	0,00	0,00	0,00	76,00	0,00	0,00	2.355,00	9.486,00	0,00	14.943,00	4.476,00
Catar	Suco	0,00	0,00	0,00	0,00	0,00	0,00	0,00	0,00	0,00	0,00	0,00	0,00	0,00	0,00	5,00	0,00
Chile	Suco	84.000,00	0,00	0,00	0,00	0,00	0,00	9.659,00	0,00	789,00	0,00	0,00	1.448,00	1.788,00	0,00	5.320,00	16.845,00
China	Suco	0,00	0,00	0,00	0,00	0,00	1.146,00	47,00	18.588,00	0,00	6.029,00	1.196,00	16.815,00	23.937,00	6,00	240.845,00	667.684,00
Chipre	Suco	0,00	0,00	0,00	0,00	0,00	0,00	0,00	0,00	0,00	0,00	0,00	0,00	161,00	138,00	252,00	224,00
Cingapura	Suco	0,00	0,00	0,00	0,00	0,00	0,00	0,00	0,00	0,00	0,00	0,00	6.300,00	908,00	676,00	0,00	0,00
Colômbia	Suco	583,00	0,00	0,00	0,00	0,00	0,00	12.000,00	13.005,00	4.000,00	6.650,00	5.700,00	0,00	0,00	0,00	1,00	11.082,00
Congo	Suco	1.440,00	0,00	0,00	0,00	0,00	0,00	0,00	0,00	0,00	0,00	0,00	0,00	0,00	0,00	0,00	0,00
Coreia do Sul	Suco	234.360,00	301.320,00	87.450,00	0,00	0,00	0,00	0,00	18.550,00	0,00	0,00	0,00	0,00	0,00	0,00	0,00	0,00
Costa do Marfim	Suco	0,00	0,00	0,00	0,00	0,00	0,00	0,00	0,00	0,00	0,00	0,00	0,00	0,00	0,00	0,00	0,00
Costa Rica	Suco	0,00	0,00	0,00	0,00	0,00	0,00	0,00	0,00	0,00	0,00	0,00	3.026,00	0,00	0,00	0,00	2.160,00
Coveite	Suco	0,00	0,00	0,00	0,00	0,00	0,00	0,00	0,00	655,00	0,00	0,00	0,00	0,00	0,00	0,00	10.038,00
Cuba	Suco	150,00	0,00	0,00	0,00	0,00	0,00	0,00	0,00	0,00	0,00	0,00	0,00	0,00	0,00	0,00	0,00
Curaçao	Suco	0,00	0,00	0,00	0,00	0,00	0,00	0,00	0,00	0,00	0,00	0,00	810,00	948,00	0,00	1.727,00	1.050,00
Dinamarca	Suco	0,00	0,00	0,00	74.200,00	0,00	0,00	0,00	0,00	0,00	0,00	0,00	0,00	72,00	84,00	90,00	206,00
Dominica, Ilha de	Suco	0,00	0,00	348,00	0,00	0,00	0,00	0,00	0,00	0,00	0,00	0,00	0,00	35,00	0,00	0,00	0,00
El Salvador	Suco	0,00	0,00	0,00	0,00	0,00	0,00	0,00	0,00	0,00	0,00	0,00	0,00	0,00	0,00	0,00	0,00
Emirados Árabes Unidos	Suco	0,00	0,00	0,00	0,00	0,00	0,00	0,00	0,00	0,00	0,00	0,00	0,00	0,00	0,00	396,00	1.548,00
Equador	Suco	0,00	0,00	0,00	0,00	0,00	0,00	0,00	0,00	0,00	0,00	0,00	0,00	0,00	0,00	14.268,00	0,00
Espanha	Suco	0,00	0,00	0,00	0,00	0,00	960,00	0,00	0,00	0,00	0,00	0,00	0,00	0,00	0,00	0,00	0,00
Estados Unidos	Suco	416.229,00	442.049,00	220.264,00	985.916,00	204.956,00	86.325,00	0,00	37.779,00	8.970,00	19.753,00	11.508,00	32.252,00	27.645,00	455,00	73.431,00	702.976,00
Falkland (Malvinas)	Suco	0,00	0,00	0,00	0,00	0,00	0,00	0,00	0,00	0,00	0,00	0,00	0,00	50,00	0,00	0,00	0,00
Filipinas	Suco	20.405,00	17.225,00	0,00	0,00	0,00	0,00	0,00	0,00	0,00	102.555,00	0,00	0,00	24,00	0,00	109,00	64,00
Finlândia	Suco	0,00	0,00	0,00	0,00	0,00	0,00	0,00	0,00	0,00	0,00	0,00	0,00	0,00	0,00	0,00	0,00
França	Suco	0,00	0,00	0,00	0,00	0,00	0,00	0,00	24,00	0,00	0,00	0,00	0,00	0,00	0,00	12,00	0,00
Gana	Suco	0,00	0,00	0,00	0,00	2.626,00	0,00	0,00	0,00	0,00	0,00	0,00	0,00	0,00	0,00	0,00	0,00
Gibraltar	Suco	0,00	0,00	0,00	0,00	0,00	0,00	0,00	0,00	0,00	0,00	0,00	0,00	0,00	0,00	0,00	108,00
Grêcia	Suco	0,00	0,00	0,00	0,00	0,00	0,00	0,00	0,00	0,00	0,00	0,00	0,00	72,00	66,00	392,00	10,00
Guatemala	Suco	0,00	2.388,00	0,00	1.800,00	1.656,00	0,00	0,00	0,00	0,00	0,00	0,00	0,00	0,00	0,00	0,00	0,00
Guiana	Suco	0,00	0,00	0,00	0,00	0,00	0,00	0,00	0,00	0,00	0,00	0,00	0,00	0,00	0,00	350,00	24,00
Guiana Francesa	Suco	0,00	0,00	0,00	0,00	0,00	0,00	0,00	0,00	0,00	0,00	0,00	0,00	0,00	0,00	0,00	396,00
Guiné Bissau	Suco	0,00	0,00	0,00	0,00	32,00	0,00	0,00	0,00	0,00	0,00	0,00	0,00	0,00	0,00	0,00	0,00
Guine Equatorial	Suco	0,00	0,00	280,00	0,00	0,00	0,00	0,00	0,00	45,00	0,00	0,00	0,00	0,00	0,00	0,00	0,00
Haiti	Suco	0,00	0,00	0,00	0,00	0,00	0,00	0,00	0,00	0,00	0,00	864,00	0,00	0,00	0,00	420,00	4.818,00
Hong Kong	Suco	55.650,00	0,00	0,00	0,00	0,00	0,00	77,00	0,00	0,00	28.371,00	2.751,00	19.211,00	16.170,00	818,00	1.170,00	2.010,00
Hungria	Suco	0,00	0,00	0,00	0,00	0,00	0,00	0,00	0,00	0,00	0,00	0,00	0,00	0,00	0,00	0,00	0,00
Ilha de Man	Suco	0,00	0,00	0,00	0,00	0,00	0,00	0,00	0,00	0,00	0,00	0,00	0,00	0,00	72,00	24,00	14,00
India	Suco	0,00	0,00	0,00	0,00	0,00	0,00	0,00	0,00	0,00	0,00	0,00	0,00	48,00	66,00	0,00	258,00
Indonêsia	Suco	0,00	0,00	0,00	0,00	0,00	0,00	0,00	0,00	0,00	0,00	0,00	0,00	0,00	0,00	0,00	0,00
Irã	Suco	0,00	0,00	0,00	0,00	0,00	0,00	0,00	0,00	0,00	0,00	0,00	0,00	0,00	0,00	150,00	5,00
Iraque	Suco	0,00	0,00	0,00	0,00	0,00	0,00	0,00	0,00	0,00	0,00	0,00	0,00	0,00	0,00	0,00	0,00
Israel	Suco	0,00	0,00	0,00	18.550,00	18.550,00	0,00	0,00	0,00	0,00	0,00	0,00	0,00	0,00	0,00	0,00	0,00
Itália	Suco	78.000,00	19.500,00	58.500,00	37.500,00	0,00	0,00	0,00	0,00	0,00	6,00	0,00	0,00	0,00	0,00	0,00	4.968,00
Iugoslâvia	Suco	0,00	0,00	0,00	0,00	0,00	0,00	0,00	0,00	0,00	0,00	0,00	0,00	0,00	0,00	0,00	0,00
Jamaica	Suco	0,00	0,00	0,00	0,00	0,00	0,00	0,00	0,00	0,00	0,00	0,00	0,00	0,00	0,00	0,00	0,00
Japão	Suco	3.614.425,00	4.772.487,00	5.570.468,00	4.003.555,00	2.707.950,00	4.001.175,00	2.168.980,00	3.535.083,00	4.450.419,00	2.036.338,00	1.845.255,00	1.890.810,00	1.006.241,00	1.381.569,00	481.953,00	950.486,00
Líbano	Suco	0,00	0,00	0,00	0,00	0,00	0,00	0,00	0,00	0,00	0,00	0,00	0,00	0,00	0,00	9,00	14.880,00
Libêria	Suco	0,00	0,00	0,00	0,00	0,00	0,00	0,00	0,00	0,00	0,00	0,00	0,00	336,00	520,00	842,00	878,00
Líbia	Suco	0,00	0,00	0,00	0,00	0,00	0,00	0,00	7.584,00	30.720,00	33.156,00	0,00	0,00	0,00	207.360,00	16.587,00	285.756,00
Luxemburgo	Suco	722,00	0,00	0,00	0,00	0,00	0,00	0,00	0,00	0,00	0,00	0,00	0,00	0,00	0,00	0,00	130,00
Malásia	Suco	18.550,00	18.550,00	37.100,00	18.550,00	0,00	18.550,00	0,00	18.550,00	0,00	0,00	0,00	0,00	0,00	9.275,00	10.070,00	0,00
Malta	Suco	0,00	0,00	0,00	0,00	0,00	0,00	0,00	0,00	0,00	0,00	0,00	0,00	41,00	276,00	2.364,00	1.500,00
Marshall, Ilhas	Suco	0,00	0,00	0,00	0,00	0,00	0,00	0,00	0,00	0,00	0,00	0,00	0,00	492,00	817,00	1.479,00	4.282,00
Mauritânia	Suco	0,00	0,00	0,00	0,00	0,00	0,00	0,00	0,00	0,00	0,00	0,00	0,00	0,00	0,00	0,00	0,00
México	Suco	0,00	116.865,00	0,00	18.550,00	37.074,00	61.932,00	83.291,00	86.626,00	109.550,00	82.377,00	95.340,00	76.435,00	24.173,00	24.602,00	46.857,00	8.829,00
Moçambique	Suco	0,00	0,00	0,00	0,00	0,00	0,00	0,00	0,00	0,00	0,00	0,00	0,00	0,00	0,00	0,00	477,00
Mônaco	Suco	0,00	0,00	0,00	0,00	0,00	0,00	0,00	0,00	0,00	0,00	0,00	0,00	0,00	0,00	36,00	0,00
Montenegro	Suco	0,00	0,00	0,00	0,00	0,00	0,00	0,00	0,00	0,00	0,00	0,00	0,00	0,00	0,00	0,00	12,00
Namíbia	Suco	90,00	0,00	0,00	0,00	0,00	0,00	0,00	0,00	0,00	0,00	0,00	0,00	0,00	0,00	0,00	0,00
Nigéria	Suco	0,00	0,00	0,00	0,00	0,00	0,00	0,00	30,00	0,00	0,00	0,00	0,00	0,00	0,00	0,00	0,00
Noruega	Suco	0,00	0,00	0,00	0,00	0,00	0,00	2.016,00	0,00	0,00	0,00	0,00	0,00	501,00	0,00	554,00	592,00
Nova Caledônia	Suco	0,00	0,00	0,00	0,00	0,00	0,00	0,00	0,00	0,00	0,00	0,00	0,00	0,00	0,00	0,00	924,00
Nova Zelândia	Suco	0,00	0,00	0,00	0,00	0,00	0,00	0,00	18.550,00	9.275,00	9.275,00	0,00	0,00	9.275,00	0,00	0,00	0,00
Países Baixos	Suco	37.100,00	18.550,00	0,00	0,00	0,00	12.575,00	30,00	185.500,00	0,00	31,00	0,00	90,00	97,00	144,00	84,00	7.194,00
Panamá	Suco	0,00	0,00	0,00	0,00	0,00	0,00	0,00	0,00	0,00	450,00	0,00	0,00	534,00	691,00	1.335,00	3.376,00
Paquistão	Suco	0,00	0,00	390,00	0,00	0,00	0,00	0,00	0,00	0,00	0,00	0,00	0,00	0,00	0,00	0,00	0,00
Paraguai	Suco	611,00	5.441,00	73.332,00	11.683,00	13.693,00	14.707,00	52.267,00	57.407,00	118.336,00	170.571,00	105.816,00	120.644,00	128.378,00	23.723,00	216.654,00	233.881,00
Peru	Suco	0,00	0,00	0,00	7.950,00	0,00	11.925,00	5.035,00	10.755,00	10.995,00	0,00	0,00	0,00	0,00	0,00	0,00	0,00
Polônia	Suco	0,00	0,00	0,00	0,00	0,00	379,00	0,00	0,00	0,00	0,00	0,00	0,00	0,00	0,00	0,00	0,00
Porto Rico	Suco	388.500,00	381.495,00	407.105,00	351.740,00	75.860,00	74.200,00	0,00	0,00	18.550,00	0,00	0,00	0,00	0,00	0,00	0,00	24.380,00
Portugal	Suco	0,00	0,00	0,00	0,00	121,00	0,00	0,00	0,00	0,00	0,00	0,00	0,00	2.082,00	24,00	105.284,00	222.502,00
Quênia	Suco	0,00	0,00	0,00	0,00	0,00	0,00	8,00	0,00	0,00	0,00	0,00	0,00	0,00	0,00	0,00	0,00
Reino Unido	Suco	0,00	0,00	0,00	30,00	0,00	0,00	0,00	0,00	312,00	0,00	8.706,00	457,00	8.216,00	672,00	1.464,00	8.829,00
República Centro Africana	Suco	0,00	0,00	0,00	0,00	0,00	0,00	0,00	0,00	0,00	0,00	0,00	0,00	0,00	0,00	0,00	0,00
República Dominicana	Suco	36.040,00	10.335,00	30.210,00	21.465,00	21.431,00	38.160,00	14.310,00	37.365,00	25.970,00	20.270,00	25.970,00	44.520,00	29.680,00	29.680,00	14.840,00	27.825,00
República Federativa da Rússia	Suco	0,00	0,00	0,00	0,00	0,00	0,00	0,00	0,00	0,00	0,00	0,00	0,00	0,00	0,00	0,00	0,00
Rússia	Suco	98.050,00	0,00	0,00	0,00	0,00	0,00	0,00	0,00	0,00	0,00	0,00	0,00	0,00	72,00	0,00	0,00
São Tomé e Príncipe	Suco	0,00	0,00	0,00	0,00	0,00	0,00	0,00	0,00	0,00	0,00	0,00	120,00	0,00	0,00	0,00	0,00
Senegal	Suco	0,00	0,00	0,00	0,00	0,00	0,00	0,00	0,00	0,00	0,00	0,00	0,00	0,00	0,00	0,00	0,00
Serra Leoa	Suco	0,00	0,00	0,00	0,00	0,00	0,00	0,00	0,00	0,00	0,00	0,00	0,00	12,00	0,00	0,00	0,00
Singapura	Suco	0,00	0,00	0,00	0,00	0,00	0,00	0,00	0,00	0,00	0,00	0,00	0,00	0,00	0,00	3.526,00	2.020,00
Sri Lanka	Suco	0,00	0,00	0,00	0,00	0,00	0,00	0,00	0,00	0,00	0,00	0,00	0,00	0,00	49,00	0,00	0,00
Suécia	Suco	0,00	0,00	0,00	0,00	0,00	0,00	0,00	0,00	0,00	0,00	0,00	0,00	0,00	0,00	0,00	0,00
Suíça	Suco	34,00	0,00	165,00	297,00	119,00	0,00	0,00	0,00	0,00	0,00	0,00	0,00	5,00	0,00	0,00	276,00
Suriname	Suco	0,00	0,00	0,00	0,00	0,00	41.000,00	21.750,00	12.250,00	25.250,00	23.445,00	15.000,00	19.000,00	0,00	3.180,00	13.030,00	5.300,00
Tailândia	Suco	1.800,00	4.500,00	3.000,00	4.500,00	2.400,00	0,00	2.700,00	3.300,00	4.980,00	0,00	3.960,00	6.720,00	96,00	84,00	1.278,00	2,00
Taiwan (Formosa)	Suco	11.427,00	11.404,00	11.404,00	0,00	0,00	0,00	0,00	0,00	0,00	0,00	0,00	0,00	1.809,00	0,00	58.358,00	60.813,00
Tanzânia	Suco	0,00	0,00	0,00	0,00	0,00	0,00	0,00	0,00	0,00	0,00	0,00	0,00	0,00	0,00	0,00	0,00
Tcheca, República	Suco	2.245,00	1.306,00	996,00	0,00	941,00	0,00	0,00	120,00	360,00	0,00	130,00	194,00	0,00	0,00	0,00	0,00
Togo	Suco	0,00	0,00	0,00	0,00	0,00	0,00	0,00	0,00	0,00	642,00	709,00	0,00	0,00	0,00	0,00	0,00
Trinidade e Tobago	Suco	0,00	30.985,00	3.446,00	0,00	0,00	18.550,00	37.100,00	18.550,00	37.100,00	39.155,00	37.610,00	18.550,00	0,00	0,00	0,00	0,00
Turquia	Suco	0,00	0,00	0,00	0,00	0,00	0,00	0,00	0,00	0,00	0,00	0,00	0,00	108,00	24,00	48,00	0,00
Uruguai	Suco	1.002,00	125,00	250,00	320,00	160,00	241,00	160,00	0,00	0,00	672,00	0,00	0,00	0,00	0,00	0,00	0,00
Vanuatu	Suco	0,00	0,00	0,00	0,00	0,00	0,00	0,00	0,00	0,00	0,00	0,00	0,00	0,00	0,00	0,00	12,00
Venezuela	Suco	0,00	0,00	0,00	7.688,00	450,00	52.680,00	53.280,00	123.975,00	53.333,00	17.640,00	632.937,00	0,00	0,00	0,00	240,00	0,00
Africa do Sul	Uva	0,00	0,00	0,00	15.300,00	0,00	0,00	0,00	0,00	0,00	0,00	0,00	0,00	0,00	8,00	44,00	0,00
Alemanha, República Democrática	Uva	818.198,00	2.256.707,00	1.297.991,00	759.594,00	713.942,00	1.167.243,00	1.021.075,00	2.457.655,00	1.649.514,00	3.277.187,00	2.384.112,00	3.353.831,00	2.870.420,00	1.863.097,00	1.371.694,00	1.461.590,00
Angola	Uva	0,00	0,00	33.860,00	29.700,00	0,00	0,00	350,00	0,00	0,00	0,00	0,00	0,00	15,00	75,00	0,00	0,00
Antígua e Barbuda	Uva	0,00	0,00	0,00	0,00	0,00	0,00	0,00	0,00	0,00	0,00	0,00	0,00	65,00	190,00	304,00	437,00
Arabia Saudita	Uva	0,00	0,00	47.328,00	0,00	0,00	15.300,00	0,00	0,00	0,00	61.200,00	0,00	0,00	14.725,00	167.731,00	32.325,00	2.818,00
Argélia	Uva	0,00	0,00	0,00	0,00	0,00	0,00	0,00	0,00	0,00	0,00	0,00	0,00	20.672,00	0,00	0,00	0,00
Argentina	Uva	336.434,00	475.525,00	724.192,00	414.008,00	446.280,00	264.816,00	170.851,00	32.640,00	0,00	0,00	1.156.368,00	2.872.152,00	1.536.650,00	1.186.878,00	2.002.784,00	4.606.314,00
Áustria	Uva	0,00	0,00	0,00	0,00	0,00	0,00	0,00	0,00	0,00	0,00	0,00	0,00	0,00	0,00	0,00	0,00
Bahamas	Uva	0,00	0,00	0,00	0,00	0,00	0,00	0,00	0,00	0,00	0,00	0,00	0,00	25.630,00	2.869,00	3.208,00	3.482,00
Bahrein	Uva	0,00	0,00	0,00	0,00	0,00	0,00	0,00	0,00	0,00	0,00	0,00	0,00	0,00	0,00	0,00	0,00
Bangladesh	Uva	0,00	0,00	0,00	0,00	0,00	0,00	0,00	0,00	0,00	0,00	0,00	0,00	0,00	0,00	30,00	17,00
Barbados	Uva	0,00	0,00	0,00	0,00	0,00	0,00	0,00	0,00	0,00	0,00	0,00	0,00	15,00	110,00	83,00	180,00
Barein	Uva	0,00	0,00	0,00	0,00	0,00	0,00	0,00	0,00	0,00	0,00	0,00	0,00	27,00	958,00	250,00	277,00
Bélgica	Uva	707.707,00	2.251.500,00	3.163.866,00	1.507.559,00	1.777.534,00	122.727,00	0,00	0,00	16.848,00	88.832,00	0,00	0,00	150.493,00	176.918,00	12.757,00	202,00
Belize	Uva	0,00	0,00	0,00	0,00	0,00	0,00	0,00	0,00	0,00	0,00	0,00	0,00	0,00	20,00	20,00	55,00
Bermudas	Uva	0,00	0,00	0,00	0,00	0,00	0,00	0,00	0,00	0,00	0,00	0,00	0,00	23,00	228,00	390,00	96,00
Bolívia	Uva	0,00	0,00	0,00	0,00	0,00	0,00	17,00	0,00	0,00	0,00	0,00	0,00	10,00	0,00	92.974,00	436.800,00
Bosnia	Uva	0,00	0,00	0,00	0,00	0,00	0,00	0,00	0,00	0,00	0,00	0,00	0,00	0,00	52,00	447,00	0,00
Brasil	Uva	0,00	0,00	0,00	0,00	0,00	0,00	0,00	0,00	0,00	0,00	0,00	0,00	0,00	18,00	0,00	70,00
Bulgária	Uva	0,00	0,00	0,00	0,00	0,00	0,00	0,00	0,00	0,00	0,00	0,00	0,00	0,00	0,00	100,00	0,00
Burquina Faso	Uva	0,00	0,00	0,00	0,00	0,00	0,00	0,00	0,00	0,00	0,00	0,00	0,00	0,00	10,00	0,00	0,00
Cabo Verde	Uva	0,00	86,00	10,00	0,00	0,00	0,00	0,00	0,00	0,00	0,00	0,00	0,00	0,00	0,00	0,00	0,00
Camores	Uva	0,00	0,00	0,00	0,00	0,00	0,00	0,00	0,00	0,00	0,00	0,00	0,00	0,00	20,00	10,00	0,00
Canadá	Uva	778.444,00	1.516.231,00	739.519,00	688.878,00	716.985,00	834.800,00	751.591,00	725.927,00	292.980,00	239.200,00	110.752,00	12.983,00	36.798,00	24.565,00	86.635,00	321.755,00
Catar	Uva	0,00	0,00	0,00	0,00	0,00	0,00	0,00	0,00	0,00	0,00	0,00	0,00	1.100,00	81,00	336,00	5.615,00
Cayman, Ilhas	Uva	0,00	0,00	0,00	0,00	0,00	0,00	0,00	0,00	0,00	0,00	0,00	0,00	61,00	216,00	341,00	372,00
Chile	Uva	0,00	0,00	0,00	0,00	0,00	0,00	0,00	0,00	0,00	0,00	14,00	0,00	25,00	189,00	266,00	109,00
China	Uva	93.976,00	0,00	0,00	0,00	0,00	0,00	0,00	0,00	0,00	0,00	0,00	0,00	418,00	1.113,00	1.197,00	1.744,00
Chipre	Uva	0,00	0,00	0,00	0,00	0,00	0,00	0,00	0,00	0,00	0,00	0,00	0,00	414,00	2.173,00	3.407,00	2.590,00
Cingapura	Uva	0,00	0,00	0,00	0,00	0,00	0,00	0,00	0,00	0,00	0,00	0,00	0,00	1.705,00	7.081,00	6.933,00	0,00
Colombia	Uva	0,00	0,00	0,00	0,00	0,00	0,00	0,00	0,00	0,00	0,00	0,00	0,00	0,00	0,00	15,00	10,00
Congo	Uva	0,00	0,00	0,00	0,00	0,00	0,00	0,00	0,00	0,00	0,00	0,00	0,00	0,00	0,00	0,00	20,00
Coreia do Norte	Uva	0,00	0,00	0,00	0,00	0,00	0,00	0,00	0,00	0,00	0,00	0,00	0,00	0,00	0,00	30,00	0,00
Coreia do Sul	Uva	0,00	0,00	0,00	0,00	0,00	0,00	0,00	0,00	0,00	0,00	0,00	0,00	54,00	270,00	226,00	245,00
Costa do Marfim	Uva	0,00	0,00	0,00	0,00	0,00	0,00	0,00	0,00	0,00	0,00	0,00	0,00	0,00	16,00	0,00	0,00
Coveite	Uva	0,00	0,00	0,00	0,00	0,00	0,00	0,00	8,00	0,00	0,00	0,00	0,00	0,00	0,00	1.572,00	20.023,00
Croácia	Uva	0,00	0,00	0,00	0,00	0,00	0,00	0,00	0,00	0,00	0,00	0,00	0,00	0,00	0,00	16,00	10,00
Curaçao	Uva	0,00	0,00	0,00	0,00	0,00	0,00	0,00	0,00	0,00	0,00	0,00	0,00	0,00	0,00	0,00	10,00
Dinamarca	Uva	26.730,00	41.600,00	414.062,00	251.800,00	364.955,00	12.480,00	12.480,00	111.100,00	97.760,00	118.565,00	12.000,00	0,00	102.775,00	56.095,00	62.450,00	109.922,00
Djibuti	Uva	0,00	0,00	0,00	0,00	0,00	0,00	0,00	0,00	0,00	0,00	0,00	0,00	0,00	0,00	25,00	0,00
Egito	Uva	0,00	0,00	0,00	0,00	0,00	0,00	0,00	0,00	0,00	0,00	0,00	0,00	10,00	20,00	0,00	10,00
Emirados Arabes Unidos	Uva	16.320,00	33.435,00	160.700,00	16.728,00	80.784,00	50.184,00	65.280,00	233.100,00	918.000,00	1.341.949,00	1.648.528,00	1.645.205,00	365.615,00	240.422,00	220.576,00	99.808,00
Eslovenia	Uva	0,00	0,00	0,00	0,00	0,00	0,00	0,00	0,00	0,00	0,00	0,00	0,00	10,00	0,00	10,00	0,00
Espanha	Uva	76.038,00	77.556,00	0,00	0,00	127.930,00	12.480,00	0,00	0,00	0,00	0,00	14.400,00	28.872,00	494.802,00	1.094.483,00	1.743.131,00	4.554.938,00
Estados Unidos	Uva	13.822.334,00	11.025.955,00	19.027.635,00	12.444.690,00	13.128.195,00	16.251.053,00	8.825.628,00	2.666.978,00	61.300,00	500.450,00	425.988,00	1.820.656,00	2.682.088,00	6.117.999,00	7.879.841,00	13.610.118,00
Falkland (Ilhas Malvinas)	Uva	0,00	0,00	0,00	0,00	14,00	0,00	0,00	0,00	0,00	0,00	0,00	0,00	31,00	20,00	15,00	20,00
Faroé, Ilhas	Uva	0,00	0,00	0,00	0,00	0,00	0,00	0,00	0,00	0,00	0,00	0,00	0,00	0,00	0,00	25,00	0,00
Filipinas	Uva	0,00	0,00	0,00	0,00	15.909,00	0,00	0,00	0,00	0,00	0,00	0,00	0,00	114,00	594,00	441,00	317,00
Finlândia	Uva	15.300,00	0,00	24.580,00	58.825,00	36.500,00	0,00	109.278,00	304.120,00	152.500,00	123.500,00	24.000,00	111.720,00	0,00	0,00	0,00	12.480,00
França	Uva	61.200,00	5.908,00	0,00	0,00	0,00	0,00	0,00	0,00	0,00	0,00	0,00	63,00	816,00	3.091,00	1.419,00	367,00
Gana	Uva	0,00	20,00	0,00	0,00	0,00	0,00	0,00	0,00	0,00	0,00	0,00	0,00	0,00	0,00	0,00	100,00
Georgia	Uva	0,00	0,00	0,00	0,00	0,00	0,00	0,00	0,00	0,00	0,00	0,00	0,00	0,00	26.928,00	0,00	0,00
Gibraltar	Uva	0,00	0,00	0,00	0,00	0,00	0,00	0,00	0,00	0,00	0,00	0,00	0,00	69,00	231,00	243,00	198,00
Grêcia	Uva	0,00	0,00	0,00	0,00	0,00	0,00	0,00	0,00	0,00	0,00	0,00	0,00	1.456,00	2.650,00	2.802,00	4.029,00
Guadalupe	Uva	32.640,00	15.300,00	15.300,00	0,00	0,00	0,00	0,00	0,00	0,00	0,00	0,00	0,00	0,00	0,00	0,00	0,00
Guiana	Uva	0,00	0,00	0,00	0,00	0,00	0,00	0,00	0,00	0,00	0,00	0,00	0,00	0,00	0,00	1.432,00	3.116,00
Guiana Francesa	Uva	0,00	0,00	0,00	0,00	0,00	0,00	0,00	0,00	0,00	0,00	0,00	0,00	64,00	0,00	0,00	0,00
Guine Equatorial	Uva	0,00	0,00	34,00	30,00	143,00	0,00	80,00	2.912,00	4.000,00	0,00	0,00	0,00	0,00	0,00	0,00	0,00
Honduras	Uva	0,00	0,00	0,00	0,00	0,00	0,00	0,00	0,00	0,00	0,00	0,00	0,00	0,00	0,00	0,00	10,00
Hong Kong	Uva	0,00	15.640,00	0,00	0,00	0,00	0,00	0,00	0,00	0,00	0,00	0,00	0,00	1.105,00	18.566,00	19.362,00	27.507,00
Ilha de Man	Uva	0,00	0,00	0,00	0,00	0,00	0,00	0,00	0,00	0,00	0,00	0,00	0,00	48,00	150,00	136,00	230,00
Ilhas Virgens	Uva	0,00	0,00	0,00	0,00	0,00	0,00	0,00	0,00	0,00	0,00	0,00	0,00	0,00	0,00	0,00	0,00
Índia	Uva	0,00	0,00	0,00	0,00	0,00	0,00	0,00	0,00	0,00	0,00	0,00	0,00	341,00	560,00	502,00	423,00
Indonésia	Uva	0,00	0,00	0,00	0,00	0,00	0,00	0,00	0,00	0,00	0,00	0,00	0,00	0,00	0,00	13,00	0,00
Irã	Uva	0,00	0,00	0,00	0,00	0,00	0,00	0,00	0,00	0,00	0,00	0,00	0,00	0,00	509,00	218,00	230,00
Irlanda	Uva	59.171,00	336.410,00	764.178,00	628.605,00	220.120,00	88.760,00	61.300,00	80.500,00	0,00	0,00	162.885,00	199.402,00	143.330,00	514.814,00	805.090,00	1.493.198,00
Islandia	Uva	0,00	0,00	0,00	0,00	0,00	0,00	0,00	0,00	0,00	0,00	12.000,00	0,00	13.000,00	0,00	40,00	0,00
Itália	Uva	109.500,00	91.454,00	145.500,00	103.500,00	115.000,00	115.000,00	118.705,00	48.000,00	0,00	0,00	0,00	0,00	28,00	154,00	118,00	10.095,00
Japão	Uva	0,00	0,00	0,00	0,00	0,00	0,00	0,00	0,00	0,00	0,00	0,00	0,00	239,00	721,00	779,00	476,00
Jérsei	Uva	0,00	0,00	0,00	0,00	0,00	0,00	0,00	0,00	0,00	0,00	0,00	0,00	0,00	24,00	0,00	0,00
Jordânia	Uva	0,00	0,00	0,00	0,00	0,00	0,00	0,00	0,00	0,00	0,00	0,00	0,00	0,00	265,00	31,00	0,00
Letonia	Uva	0,00	0,00	0,00	0,00	32.400,00	0,00	0,00	0,00	0,00	0,00	0,00	0,00	0,00	30,00	40,00	0,00
Líbano	Uva	0,00	0,00	0,00	0,00	0,00	0,00	0,00	0,00	0,00	0,00	0,00	0,00	0,00	85,00	33,00	25,00
Libéria	Uva	0,00	0,00	0,00	0,00	0,00	0,00	0,00	0,00	0,00	0,00	0,00	0,00	1.297,00	9.242,00	10.238,00	10.468,00
Líbia	Uva	0,00	0,00	0,00	0,00	0,00	0,00	0,00	0,00	0,00	0,00	0,00	0,00	0,00	20,00	20,00	0,00
Lituania	Uva	120.780,00	195.696,00	94.212,00	45.900,00	140.380,00	114.350,00	111.944,00	119.288,00	255.411,00	133.236,00	0,00	0,00	0,00	0,00	0,00	15.150,00
Luxemburgo	Uva	0,00	0,00	0,00	0,00	0,00	0,00	4.320,00	0,00	0,00	0,00	0,00	1.416,00	0,00	7,00	0,00	0,00
Malasia	Uva	0,00	0,00	0,00	0,00	0,00	0,00	0,00	0,00	0,00	0,00	0,00	0,00	30,00	20,00	2.065,00	1.159,00
Malta	Uva	0,00	0,00	0,00	0,00	0,00	0,00	0,00	0,00	0,00	0,00	0,00	0,00	689,00	4.094,00	4.282,00	5.445,00
Marrocos	Uva	0,00	0,00	0,00	0,00	0,00	0,00	0,00	0,00	0,00	0,00	0,00	0,00	0,00	0,00	8,00	10,00
Marshall, Ilhas	Uva	0,00	0,00	0,00	0,00	0,00	0,00	0,00	0,00	0,00	0,00	0,00	0,00	1.430,00	9.668,00	13.769,00	12.996,00
Martinica	Uva	16.320,00	0,00	0,00	0,00	0,00	0,00	0,00	0,00	0,00	0,00	0,00	0,00	0,00	0,00	0,00	0,00
Mauricio	Uva	0,00	0,00	0,00	0,00	0,00	0,00	0,00	0,00	0,00	0,00	0,00	0,00	0,00	0,00	0,00	0,00
Mauritânia	Uva	0,00	0,00	0,00	0,00	0,00	0,00	0,00	0,00	0,00	0,00	0,00	0,00	0,00	0,00	0,00	16,00
Mexico	Uva	0,00	0,00	0,00	0,00	0,00	0,00	0,00	0,00	0,00	0,00	0,00	0,00	0,00	0,00	0,00	0,00
Mônaco	Uva	0,00	0,00	0,00	0,00	0,00	0,00	0,00	0,00	0,00	0,00	0,00	0,00	0,00	20,00	20,00	0,00
Mongólia	Uva	0,00	0,00	0,00	0,00	0,00	0,00	0,00	0,00	0,00	0,00	0,00	0,00	0,00	0,00	10,00	0,00
Montenegro	Uva	0,00	0,00	0,00	0,00	0,00	0,00	0,00	0,00	0,00	0,00	0,00	0,00	0,00	0,00	40,00	33,00
Nigéria	Uva	0,00	0,00	0,00	0,00	0,00	0,00	0,00	0,00	0,00	61.200,00	0,00	0,00	0,00	0,00	0,00	0,00
Noruega	Uva	954.200,00	1.624.180,00	1.434.054,00	1.406.774,00	1.016.725,00	963.990,00	1.273.703,00	1.213.647,00	918.992,00	604.000,00	661.500,00	518.000,00	168.732,00	277.423,00	183.232,00	255.034,00
Omã	Uva	0,00	0,00	0,00	0,00	0,00	0,00	0,00	0,00	0,00	0,00	0,00	0,00	0,00	60,00	43,00	0,00
Países Baixos	Uva	33.642.617,00	40.604.569,00	34.413.288,00	22.662.669,00	26.149.217,00	25.334.471,00	26.638.825,00	20.822.086,00	14.927.182,00	17.860.220,00	16.136.676,00	24.328.153,00	22.330.171,00	19.526.035,00	20.360.309,00	32.469.515,00
Panamá	Uva	0,00	0,00	0,00	0,00	0,00	0,00	0,00	0,00	0,00	0,00	0,00	0,00	1.675,00	8.349,00	10.170,00	10.378,00
Paquistão	Uva	0,00	0,00	0,00	0,00	0,00	0,00	0,00	0,00	0,00	0,00	0,00	0,00	0,00	0,00	0,00	48,00
Paraguai	Uva	0,00	0,00	0,00	0,00	577,00	0,00	2.005,00	0,00	0,00	0,00	0,00	0,00	0,00	0,00	3.750,00	450,00
Polonia	Uva	0,00	0,00	0,00	0,00	0,00	0,00	0,00	0,00	0,00	0,00	0,00	0,00	0,00	20,00	4,00	162,00
Porto Rico	Uva	0,00	0,00	0,00	0,00	0,00	0,00	0,00	0,00	0,00	0,00	0,00	0,00	0,00	0,00	0,00	0,00
Portugal	Uva	85.428,00	28.253,00	0,00	0,00	0,00	18,00	0,00	10,00	0,00	0,00	0,00	13.155,00	205,00	945,00	15.803,00	1.525,00
Reino Unido	Uva	10.149.844,00	17.676.083,00	18.580.726,00	13.299.002,00	15.023.635,00	13.266.351,00	12.426.198,00	13.294.489,00	8.957.593,00	9.569.389,00	7.619.756,00	9.034.528,00	8.558.646,00	13.501.346,00	13.978.476,00	16.631.939,00
Republica Dominicana	Uva	0,00	0,00	0,00	0,00	0,00	0,00	0,00	0,00	0,00	0,00	0,00	0,00	0,00	0,00	0,00	0,00
Romênia	Uva	0,00	0,00	0,00	0,00	0,00	0,00	0,00	0,00	0,00	0,00	0,00	0,00	40,00	0,00	0,00	0,00
Russia,  Federação da	Uva	214.200,00	550.147,00	873.977,00	31.488,00	301.102,00	501.930,00	45.320,00	61.440,00	66.912,00	208.715,00	0,00	199.140,00	80,00	48.084,00	216.906,00	283.727,00
São Tomé e Principe	Uva	0,00	0,00	0,00	0,00	0,00	0,00	0,00	0,00	0,00	0,00	0,00	0,00	0,00	0,00	0,00	0,00
São Vicente e Granadinas	Uva	0,00	0,00	0,00	0,00	0,00	0,00	0,00	0,00	0,00	0,00	0,00	0,00	0,00	0,00	20,00	19,00
Senegal	Uva	0,00	0,00	0,00	0,00	0,00	0,00	0,00	0,00	0,00	0,00	0,00	0,00	0,00	0,00	0,00	10,00
Singapura	Uva	0,00	0,00	0,00	0,00	0,00	0,00	0,00	0,00	0,00	0,00	0,00	0,00	0,00	0,00	0,00	18.086,00
Sri Lanka	Uva	0,00	0,00	0,00	0,00	0,00	0,00	0,00	0,00	0,00	0,00	0,00	0,00	0,00	32,00	0,00	0,00
Suécia	Uva	66.000,00	192.700,00	246.711,00	161.000,00	368.010,00	240.313,00	364.265,00	957.936,00	0,00	89.000,00	357.380,00	249.805,00	101.350,00	72.036,00	50,00	30,00
Suíça	Uva	0,00	0,00	0,00	0,00	0,00	0,00	0,00	0,00	0,00	0,00	0,00	0,00	1.022,00	472,00	2.209,00	3.331,00
Suriname	Uva	0,00	0,00	0,00	0,00	0,00	0,00	0,00	0,00	0,00	0,00	0,00	0,00	0,00	0,00	0,00	25,00
Tailândia	Uva	0,00	0,00	0,00	0,00	0,00	0,00	0,00	0,00	0,00	0,00	0,00	0,00	113,00	879,00	762,00	746,00
Taiwan	Uva	0,00	0,00	0,00	0,00	0,00	0,00	0,00	0,00	0,00	0,00	0,00	0,00	39,00	0,00	90,00	72,00
Togo	Uva	0,00	0,00	0,00	0,00	0,00	0,00	0,00	0,00	0,00	0,00	0,00	0,00	0,00	13,00	0,00	0,00
Trindade e Tobago	Uva	0,00	0,00	0,00	0,00	0,00	0,00	0,00	0,00	0,00	0,00	0,00	0,00	0,00	0,00	0,00	0,00
Turcas e Caicos, ilhas	Uva	0,00	0,00	0,00	0,00	0,00	0,00	0,00	0,00	0,00	0,00	0,00	0,00	0,00	10,00	18,00	0,00
Turquia	Uva	0,00	0,00	0,00	0,00	0,00	0,00	0,00	0,00	0,00	0,00	0,00	0,00	126,00	485,00	353,00	662,00
Tuvalu	Uva	0,00	0,00	0,00	0,00	0,00	0,00	0,00	0,00	0,00	0,00	0,00	0,00	1,00	6,00	0,00	0,00
Uruguai	Uva	47.555,00	66.352,00	40.428,00	33.634,00	28.848,00	35.216,00	14.864,00	48.720,00	28.960,00	108.040,00	86.816,00	104.368,00	187.316,00	81.440,00	68.196,00	95.722,00
Vanuatu	Uva	0,00	0,00	0,00	0,00	0,00	0,00	0,00	0,00	0,00	0,00	0,00	0,00	0,00	0,00	26,00	73,00
Venezuela	Uva	0,00	0,00	0,00	0,00	0,00	0,00	0,00	0,00	0,00	0,00	0,00	0,00	0,00	0,00	0,00	0,00
Vietnã	Uva	0,00	0,00	0,00	0,00	0,00	0,00	0,00	0,00	0,00	0,00	0,00	0,00	10,00	0,00	18,00	100,00
Provisão de Navios e Aeronaves	Uva	0,00	0,00	0,00	0,00	0,00	0,00	0,00	0,00	0,00	0,00	0,00	0,00	30,00	0,00	0,00	0,00
Afeganistão	Vinho	0,00	0,00	0,00	0,00	0,00	0,00	0,00	0,00	0,00	0,00	0,00	0,00	0,00	0,00	0,00	11,00
África do Sul	Vinho	0,00	0,00	0,00	0,00	0,00	0,00	0,00	0,00	0,00	0,00	0,00	0,00	0,00	26,00	4,00	0,00
Alemanha, República Democrática	Vinho	38.302,00	119.512,00	265.742,00	225.086,00	27.715,00	36.070,00	8.189,00	61.699,00	213.348,00	10.680,00	14.012,00	15.467,00	10.794,00	3.660,00	6.261,00	2.698,00
Angola	Vinho	3.766,00	25.931,00	25.721,00	54.786,00	33.557,00	13.889,00	2.833,00	1.573,00	12.182,00	1.908,00	7.359,00	10.170,00	477,00	345,00	0,00	0,00
Anguilla	Vinho	0,00	0,00	0,00	0,00	0,00	0,00	0,00	0,00	0,00	0,00	0,00	0,00	0,00	0,00	0,00	0,00
Antígua e Barbuda	Vinho	0,00	0,00	0,00	0,00	0,00	0,00	0,00	0,00	0,00	0,00	0,00	0,00	37,00	219,00	624,00	805,00
Antilhas Holandesas	Vinho	19.116,00	17.025,00	17.938,00	8.235,00	9.810,00	7.335,00	9.247,00	11.281,00	4.455,00	6.660,00	16.641,00	5.400,00	0,00	0,00	0,00	0,00
Argentina	Vinho	0,00	0,00	0,00	162,00	0,00	13.253,00	0,00	0,00	20.385,00	0,00	0,00	0,00	15.711,00	0,00	1.015,00	6,00
Aruba	Vinho	0,00	0,00	0,00	0,00	0,00	900,00	0,00	0,00	450,00	0,00	0,00	0,00	0,00	0,00	0,00	0,00
Austrália	Vinho	0,00	60,00	218.726,00	1.014,00	1.823,00	3.632,00	9.345,00	16.707,00	6.308,00	7.437,00	1.954,00	1.350,00	2.055,00	1.161,00	1.013,00	705,00
Áustria	Vinho	0,00	0,00	0,00	0,00	0,00	0,00	0,00	0,00	0,00	0,00	675,00	0,00	0,00	0,00	0,00	0,00
Bahamas	Vinho	0,00	0,00	0,00	0,00	3.175,00	4.529,00	1.374,00	581,00	0,00	0,00	0,00	0,00	141,00	791,00	1.212,00	1.083,00
Bangladesh	Vinho	0,00	0,00	0,00	0,00	0,00	0,00	0,00	0,00	0,00	0,00	0,00	0,00	0,00	0,00	3,00	2,00
Barbados	Vinho	0,00	0,00	0,00	0,00	0,00	0,00	0,00	0,00	0,00	0,00	0,00	0,00	0,00	36,00	143,00	216,00
Barein	Vinho	0,00	0,00	0,00	0,00	0,00	0,00	0,00	0,00	0,00	0,00	0,00	0,00	0,00	482,00	8,00	302,00
Bélgica	Vinho	56.571,00	1.077,00	3.523,00	125.962,00	42.532,00	11.802,00	16.132,00	22.461,00	151.320,00	4.473,00	7.200,00	2.790,00	7.497,00	2.498,00	3.166,00	483,00
Belice	Vinho	0,00	0,00	0,00	0,00	0,00	0,00	0,00	0,00	0,00	0,00	0,00	0,00	0,00	9,00	0,00	0,00
Benin	Vinho	10.350,00	0,00	10.350,00	0,00	0,00	0,00	0,00	0,00	0,00	0,00	5.040,00	0,00	0,00	9,00	0,00	0,00
Bolívia	Vinho	5.822,00	4.985,00	3.979,00	40.463,00	54,00	12.775,00	11.868,00	19.147,00	12.534,00	10.674,00	13.586,00	9.495,00	21.566,00	0,00	9.900,00	5.850,00
Bósnia-Herzegovina	Vinho	0,00	0,00	0,00	0,00	0,00	0,00	0,00	0,00	0,00	0,00	0,00	0,00	0,00	0,00	45,00	0,00
Brasil	Vinho	0,00	0,00	0,00	0,00	0,00	0,00	0,00	0,00	0,00	0,00	0,00	0,00	0,00	0,00	0,00	31,00
Bulgária	Vinho	0,00	0,00	0,00	0,00	0,00	0,00	0,00	0,00	0,00	0,00	0,00	117,00	0,00	0,00	0,00	0,00
Cabo Verde	Vinho	0,00	0,00	0,00	0,00	11.991,00	600,00	0,00	0,00	0,00	0,00	0,00	0,00	18,00	0,00	0,00	16,00
Camarões	Vinho	0,00	0,00	0,00	0,00	0,00	0,00	0,00	0,00	0,00	0,00	0,00	1.749,00	0,00	0,00	0,00	0,00
Canadá	Vinho	450,00	4.172,00	20.949,00	15.664,00	0,00	28.906,00	14.304,00	25.329,00	35.082,00	24.547,00	13.711,00	6.075,00	5.308,00	1.589,00	1.672,00	1.172,00
Catar	Vinho	0,00	0,00	0,00	0,00	0,00	0,00	0,00	0,00	0,00	0,00	0,00	13.338,00	0,00	0,00	0,00	1,00
Cayman, Ilhas	Vinho	0,00	0,00	0,00	0,00	0,00	0,00	0,00	0,00	0,00	0,00	0,00	0,00	19,00	19,00	123,00	104,00
Chile	Vinho	1.988,00	60.930,00	0,00	1.475,00	0,00	0,00	8.550,00	0,00	0,00	0,00	0,00	0,00	11.049,00	0,00	11,00	26,00
China	Vinho	0,00	7.638,00	8.689,00	1.553.416,00	795,00	54.156,00	87.905,00	40.929,00	64.040,00	47.609,00	134.106,00	67.594,00	30.835,00	129.852,00	122.253,00	61.884,00
Chipre	Vinho	134,00	0,00	0,00	0,00	0,00	0,00	0,00	0,00	0,00	0,00	0,00	0,00	279,00	672,00	2.478,00	1.855,00
Cingapura	Vinho	0,00	7.270,00	1.233,00	2.419,00	1.533,00	911,00	1.212,00	766,00	541,00	1.116,00	5.445,00	0,00	3.298,00	5.044,00	4.049,00	0,00
Colômbia	Vinho	0,00	0,00	0,00	0,00	0,00	0,00	0,00	8,00	0,00	0,00	0,00	0,00	6.944,00	897,00	15.660,00	12.160,00
Comores	Vinho	0,00	0,00	0,00	0,00	0,00	0,00	0,00	0,00	0,00	0,00	0,00	0,00	0,00	0,00	9,00	0,00
Congo	Vinho	0,00	0,00	0,00	0,00	0,00	360,00	0,00	0,00	0,00	0,00	0,00	0,00	0,00	0,00	0,00	0,00
Coreia, Republica Sul	Vinho	0,00	1.012,00	3.520,00	0,00	0,00	0,00	0,00	0,00	0,00	0,00	8,00	0,00	120,00	70,00	103,00	67,00
Costa do Marfim	Vinho	0,00	0,00	0,00	0,00	0,00	0,00	0,00	0,00	0,00	0,00	0,00	0,00	0,00	0,00	0,00	0,00
Costa Rica	Vinho	0,00	0,00	55,00	0,00	0,00	0,00	0,00	0,00	0,00	0,00	0,00	0,00	0,00	0,00	0,00	0,00
Croácia	Vinho	0,00	0,00	0,00	0,00	0,00	0,00	0,00	0,00	0,00	0,00	0,00	0,00	0,00	0,00	21,00	0,00
Cuba	Vinho	0,00	2.669,00	0,00	0,00	0,00	2.880,00	0,00	0,00	38.875,00	97.965,00	63.741,00	62.791,00	4.776,00	0,00	0,00	0,00
Curaçao	Vinho	0,00	0,00	0,00	0,00	0,00	0,00	0,00	0,00	0,00	0,00	0,00	12.340,00	23.930,00	33.951,00	47.962,00	32.263,00
Dinamarca	Vinho	2.805,00	3.480,00	518,00	1.980,00	7.034,00	32.797,00	4.716,00	17.892,00	3.240,00	7.080,00	1.278,00	581,00	0,00	240,00	659,00	87,00
Dominica	Vinho	0,00	0,00	0,00	0,00	0,00	0,00	0,00	0,00	0,00	0,00	0,00	0,00	0,00	0,00	0,00	460,00
El Salvador	Vinho	0,00	0,00	0,00	55,00	0,00	0,00	0,00	0,00	0,00	0,00	0,00	0,00	0,00	0,00	0,00	0,00
Emirados Arabes Unidos	Vinho	363,00	0,00	2.437,00	1.398,00	1.035,00	2.120,00	675,00	0,00	640,00	765,00	585,00	675,00	360,00	450,00	581,00	810,00
Equador	Vinho	0,00	2.700,00	0,00	0,00	0,00	0,00	0,00	0,00	0,00	0,00	0,00	0,00	0,00	2,00	3.780,00	0,00
Eslovaca, Republica	Vinho	0,00	0,00	585,00	0,00	0,00	0,00	0,00	0,00	0,00	0,00	0,00	0,00	0,00	0,00	0,00	0,00
Espanha	Vinho	0,00	0,00	2.942,00	2.181,00	0,00	5.206,00	0,00	1.972.980,00	0,00	0,00	0,00	0,00	6.123,00	3.540,00	28,00	0,00
Estados Unidos	Vinho	392.590,00	479.269,00	443.895,00	372.319,00	228.968,00	306.787,00	146.585,00	245.368,00	222.267,00	195.896,00	258.072,00	132.688,00	169.109,00	209.765,00	300.178,00	111.085,00
Estônia	Vinho	1.974,00	77.697,00	4.114,00	5.438,00	15.848,00	450,00	3.321,00	0,00	0,00	0,00	900,00	0,00	0,00	0,00	0,00	0,00
Filipinas	Vinho	0,00	0,00	0,00	0,00	0,00	0,00	0,00	0,00	0,00	0,00	0,00	0,00	9.608,00	736,00	719,00	2.784,00
Finlândia	Vinho	11.088,00	0,00	0,00	0,00	0,00	12.404,00	17.100,00	36.682,00	12.960,00	0,00	7.617,00	0,00	0,00	0,00	0,00	0,00
França	Vinho	17.010,00	6.349,00	11.078,00	0,00	3.614,00	0,00	195.604,00	6.885,00	33.755,00	1.596,00	6.037,00	4.253,00	11.077,00	18.286,00	12.622,00	7.052,00
Gana	Vinho	0,00	0,00	18.168,00	0,00	0,00	0,00	0,00	0,00	0,00	0,00	0,00	0,00	9.000,00	7.673,00	18.810,00	12.578,00
Gibraltar	Vinho	0,00	0,00	0,00	0,00	0,00	0,00	0,00	0,00	0,00	0,00	0,00	0,00	0,00	23,00	769,00	0,00
Grécia	Vinho	142,00	0,00	0,00	0,00	0,00	0,00	0,00	0,00	0,00	0,00	0,00	0,00	232,00	561,00	6.859,00	908,00
Guatemala	Vinho	0,00	0,00	0,00	20,00	0,00	0,00	0,00	0,00	0,00	0,00	0,00	0,00	0,00	1.597,00	0,00	17.347,00
Guiana	Vinho	0,00	0,00	0,00	0,00	783,00	0,00	0,00	0,00	0,00	0,00	0,00	0,00	0,00	424,00	990,00	2.372,00
Guiana Francesa	Vinho	0,00	0,00	0,00	0,00	0,00	0,00	0,00	0,00	0,00	0,00	0,00	0,00	0,00	0,00	0,00	90,00
Guine Bissau	Vinho	0,00	0,00	0,00	0,00	0,00	0,00	0,00	0,00	0,00	0,00	0,00	48,00	0,00	0,00	0,00	0,00
Guine Equatorial	Vinho	0,00	0,00	548,00	169,00	410,00	956,00	819,00	1.108,00	5.646,00	0,00	0,00	2.639,00	8.389,00	0,00	0,00	0,00
Haiti	Vinho	0,00	0,00	20,00	4.500,00	2.700,00	0,00	0,00	0,00	0,00	0,00	0,00	0,00	79.500,00	81.873,00	399.128,00	670.379,00
Honduras	Vinho	0,00	0,00	162,00	14,00	0,00	0,00	0,00	0,00	0,00	0,00	0,00	0,00	0,00	0,00	0,00	0,00
Hong Kong	Vinho	0,00	0,00	2.430,00	50.319,00	0,00	2.063,00	1.609,00	16.013,00	18.130,00	1.229,00	6.975,00	1.934,00	1.742,00	9.651,00	15.159,00	12.507,00
Hungria	Vinho	0,00	0,00	0,00	0,00	540,00	0,00	0,00	0,00	0,00	0,00	0,00	0,00	0,00	0,00	0,00	87,00
Ilha de Man	Vinho	0,00	0,00	0,00	0,00	0,00	0,00	0,00	0,00	0,00	0,00	0,00	0,00	0,00	28,00	11,00	97,00
Ilhas Virgens	Vinho	0,00	0,00	0,00	0,00	0,00	0,00	0,00	0,00	0,00	0,00	0,00	0,00	0,00	0,00	0,00	0,00
India	Vinho	14,00	0,00	0,00	0,00	0,00	0,00	0,00	0,00	0,00	0,00	0,00	0,00	0,00	51,00	7,00	13,00
Indonésia	Vinho	0,00	0,00	0,00	0,00	0,00	0,00	0,00	0,00	0,00	0,00	0,00	0,00	0,00	0,00	5,00	0,00
Irã	Vinho	0,00	0,00	0,00	0,00	0,00	0,00	0,00	0,00	0,00	0,00	0,00	0,00	0,00	0,00	21,00	116,00
Iraque	Vinho	0,00	0,00	0,00	0,00	0,00	0,00	0,00	0,00	0,00	0,00	0,00	0,00	0,00	0,00	0,00	0,00
Irlanda	Vinho	0,00	0,00	0,00	0,00	3.969,00	5.376,00	0,00	0,00	0,00	0,00	0,00	0,00	7.560,00	0,00	29,00	36,00
Itália	Vinho	2.709,00	7.209,00	0,00	1.817,00	1.458,00	11.999,00	792,00	1.710,00	604,00	0,00	585,00	468,00	3.661,00	587,00	91,00	696,00
Jamaica	Vinho	0,00	0,00	0,00	0,00	0,00	0,00	0,00	0,00	0,00	0,00	0,00	0,00	0,00	0,00	0,00	0,00
Japão	Vinho	325.031,00	357.943,00	232.293,00	217.974,00	112.178,00	100.835,00	29.281,00	91.988,00	106.426,00	31.597,00	34.341,00	33.909,00	36.992,00	40.621,00	36.442,00	39.491,00
Jordânia	Vinho	0,00	0,00	0,00	0,00	0,00	0,00	0,00	0,00	0,00	0,00	0,00	0,00	0,00	0,00	12,00	0,00
Letônia	Vinho	0,00	0,00	0,00	0,00	0,00	0,00	0,00	0,00	0,00	0,00	0,00	387,00	0,00	0,00	0,00	0,00
Líbano	Vinho	0,00	0,00	0,00	0,00	0,00	0,00	0,00	0,00	0,00	0,00	0,00	0,00	0,00	0,00	0,00	0,00
Libéria	Vinho	0,00	0,00	0,00	0,00	0,00	0,00	0,00	0,00	0,00	0,00	0,00	0,00	658,00	4.441,00	5.155,00	7.554,00
Luxemburgo	Vinho	1.220,00	785,00	13.606,00	7.845,00	7.344,00	9.547,00	2.444,00	5.135,00	8.281,00	2.295,00	2.759,00	2.719,00	1.778,00	1.666,00	1.086,00	0,00
Malásia	Vinho	0,00	0,00	0,00	0,00	0,00	0,00	0,00	0,00	0,00	0,00	0,00	0,00	15,00	48,00	0,00	0,00
Malta	Vinho	0,00	0,00	0,00	0,00	0,00	0,00	0,00	0,00	0,00	0,00	0,00	0,00	503,00	3.661,00	3.490,00	3.441,00
Marshall, Ilhas	Vinho	0,00	0,00	0,00	0,00	0,00	0,00	0,00	0,00	0,00	0,00	0,00	0,00	923,00	7.276,00	6.270,00	8.644,00
Mauritânia	Vinho	0,00	0,00	0,00	0,00	0,00	0,00	0,00	0,00	0,00	0,00	0,00	0,00	0,00	0,00	0,00	9,00
México	Vinho	0,00	2.453,00	0,00	0,00	0,00	1.350,00	0,00	0,00	1.521,00	0,00	0,00	664,00	2.748,00	4,00	24,00	9,00
Montenegro	Vinho	0,00	0,00	0,00	0,00	0,00	0,00	0,00	0,00	0,00	0,00	0,00	0,00	0,00	9,00	9,00	14,00
Namibia	Vinho	0,00	0,00	340,00	0,00	0,00	0,00	0,00	0,00	0,00	0,00	0,00	0,00	0,00	0,00	0,00	0,00
Nicaragua	Vinho	0,00	0,00	0,00	24,00	0,00	0,00	0,00	0,00	0,00	0,00	0,00	0,00	0,00	0,00	0,00	0,00
Nigéria	Vinho	0,00	0,00	7.560,00	41,00	0,00	54,00	6.449,00	1.350,00	0,00	0,00	0,00	0,00	5.175,00	28.437,00	12.094,00	68.247,00
Noruega	Vinho	0,00	10.044,00	0,00	0,00	0,00	10.268,00	5.104,00	2.375,00	7.179,00	1.058,00	0,00	0,00	1.295,00	628,00	1.859,00	1.878,00
Nova Caledônia	Vinho	0,00	0,00	0,00	0,00	0,00	0,00	0,00	0,00	0,00	0,00	0,00	0,00	0,00	0,00	0,00	7.227,00
Nova Zelândia	Vinho	0,00	0,00	0,00	0,00	0,00	2.587,00	2.364,00	1.004,00	2.800,00	809,00	504,00	1.678,00	969,00	500,00	95,00	657,00
Países Baixos	Vinho	451,00	181.046,00	340.412,00	171.654,00	87.368,00	125.414,00	134.879,00	57.792,00	165.289,00	44.987,00	42.953,00	0,00	9.451,00	44.882,00	248,00	3.791,00
Panamá	Vinho	13,00	810,00	1.161,00	24,00	0,00	0,00	39,00	0,00	0,00	0,00	0,00	0,00	1.183,00	7.918,00	10.821,00	29.520,00
Paraguai	Vinho	1.947.106,00	1.285.459,00	2.191.901,00	486.927,00	510.989,00	240.168,00	354.824,00	481.564,00	521.847,00	495.428,00	985.739,00	2.393.468,00	3.234.168,00	2.419.537,00	3.299.013,00	6.522.527,00
Peru	Vinho	0,00	0,00	0,00	0,00	0,00	0,00	0,00	0,00	0,00	0,00	0,00	0,00	5.193,00	9.755,00	0,00	9.720,00
Polônia	Vinho	0,00	0,00	20.290,00	6.982,00	20.464,00	11.732,00	21.663,00	19.249,00	30.181,00	11.654,00	11.457,00	0,00	720,00	5,00	74,00	4,00
Porto Rico	Vinho	0,00	0,00	0,00	0,00	0,00	0,00	0,00	0,00	0,00	0,00	0,00	0,00	0,00	0,00	0,00	0,00
Portugal	Vinho	17.732,00	109.074,00	49.090,00	141.000,00	4.577,00	95,00	47.172,00	23.810,00	71.544,00	47.736,00	0,00	0,00	0,00	18.328,00	7.958,00	6.358,00
Quênia	Vinho	10.600,00	10.600,00	0,00	0,00	0,00	0,00	94,00	6,00	0,00	0,00	0,00	0,00	6.771,00	0,00	0,00	0,00
Reino Unido	Vinho	38.281,00	84.613,00	100.097,00	30.092,00	123.624,00	122.629,00	82.937,00	59.161,00	305.807,00	68.382,00	117.044,00	60.711,00	67.708,00	34.295,00	22.913,00	25.316,00
República Dominicana	Vinho	0,00	601,00	0,00	0,00	0,00	0,00	0,00	0,00	0,00	0,00	0,00	0,00	0,00	0,00	0,00	0,00
Rússia	Vinho	334.200,00	266.400,00	6.207.658,00	21.912.914,00	0,00	0,00	4.528.176,00	5.893.291,00	190.656,00	47.664,00	0,00	0,00	0,00	0,00	1.463,00	181.931,00
São Tomé e Príncipe	Vinho	0,00	0,00	0,00	0,00	0,00	0,00	0,00	0,00	0,00	0,00	0,00	0,00	2.184,00	0,00	0,00	0,00
São Vicente e Granadinas	Vinho	0,00	0,00	0,00	0,00	0,00	0,00	0,00	0,00	0,00	0,00	0,00	0,00	0,00	0,00	0,00	8,00
Senegal	Vinho	0,00	0,00	0,00	0,00	0,00	0,00	0,00	0,00	0,00	0,00	0,00	0,00	0,00	0,00	0,00	0,00
Serra Leoa	Vinho	0,00	0,00	0,00	0,00	0,00	0,00	0,00	0,00	0,00	0,00	0,00	0,00	0,00	18,00	9.240,00	6.525,00
Singapura	Vinho	0,00	0,00	0,00	0,00	0,00	0,00	0,00	0,00	0,00	0,00	0,00	0,00	0,00	0,00	0,00	4.504,00
Suazilândia	Vinho	0,00	0,00	0,00	0,00	0,00	0,00	0,00	0,00	0,00	0,00	0,00	0,00	0,00	0,00	0,00	10,00
Suécia	Vinho	16.120,00	919,00	26.984,00	28.334,00	0,00	1.641,00	2.705,00	3.195,00	10.404,00	1.412,00	291,00	15.445,00	8.062,00	28,00	6,00	23,00
Suíça	Vinho	131.073,00	26.090,00	54.384,00	27.653,00	2.025,00	0,00	4.014,00	2.997,00	27.933,00	15.872,00	4.230,00	6.525,00	0,00	2.223,00	2.827,00	627,00
Suriname	Vinho	1.000,00	2.700,00	900,00	3.830,00	1.836,00	3.774,00	396,00	1.800,00	6,00	453,00	900,00	3.690,00	0,00	3.206,00	4.185,00	900,00
Tailândia	Vinho	0,00	839,00	0,00	0,00	0,00	0,00	0,00	0,00	0,00	0,00	0,00	0,00	8,00	128,00	534,00	1.334,00
Taiwan (FORMOSA)	Vinho	0,00	6.377,00	10.030,00	0,00	0,00	4.500,00	0,00	0,00	12.519,00	7.200,00	16.967,00	14.988,00	7.589,00	12,00	963,00	1.313,00
Tanzânia	Vinho	0,00	0,00	0,00	0,00	0,00	0,00	0,00	0,00	0,00	0,00	0,00	0,00	0,00	0,00	0,00	0,00
Tcheca, República	Vinho	24.250,00	85.303,00	17.135,00	9.269,00	1.091,00	6.846,00	7.960,00	3.697,00	4.500,00	2.297,00	3.837,00	2.746,00	2.712,00	2.115,00	563,00	456,00
Togo	Vinho	24,00	11,00	5.160,00	0,00	0,00	0,00	0,00	0,00	0,00	0,00	0,00	0,00	0,00	0,00	0,00	1.890,00
Trinidade Tobago	Vinho	0,00	0,00	0,00	0,00	0,00	0,00	531,00	0,00	360,00	0,00	0,00	0,00	0,00	0,00	0,00	0,00
Tunísia	Vinho	0,00	0,00	0,00	0,00	0,00	0,00	0,00	0,00	0,00	0,00	0,00	0,00	0,00	0,00	0,00	0,00
Turquia	Vinho	0,00	0,00	0,00	0,00	0,00	0,00	0,00	0,00	0,00	0,00	0,00	0,00	360,00	115,00	0,00	343,00
Tuvalu	Vinho	0,00	0,00	0,00	0,00	0,00	0,00	0,00	0,00	0,00	0,00	0,00	0,00	0,00	0,00	2,00	0,00
Uruguai	Vinho	1.008,00	0,00	0,00	0,00	914,00	1.238,00	1.135,00	1.526,00	0,00	0,00	0,00	0,00	7.711,00	6.180,00	0,00	136.774,00
Vanuatu	Vinho	0,00	0,00	0,00	0,00	0,00	0,00	0,00	0,00	0,00	0,00	0,00	0,00	0,00	0,00	18,00	0,00
Venezuela	Vinho	0,00	20.700,00	0,00	0,00	0,00	0,00	1.029,00	0,00	14,00	0,00	0,00	680,00	71,00	0,00	4.086,00	26.415,00
Vietnã	Vinho	2.013,00	0,00	0,00	743,00	8.820,00	0,00	0,00	0,00	0,00	0,00	0,00	0,00	0,00	20,00	86,00	0,00